sarcasm,processed_tweets
1,ka bhagwan bar ka ram lakh lakh pe shukra hai bachho ne ma tuition le aap se nahi mein li.
0,Triple talaq illegal ho gaya hai .
0,Tum Ka Triple Talaq Halala ke Alawa kuch nahi pata ?
1,bol the dialogue :'tu aik ek insaan pakistan ki jaan chali je jaye gi din aur aap ko president of east pakistan ke neend allah ki k fikar hai'at memogate
0,bhai aap ki karachi say kia dushmani hay ? saaray log kah rahay hain ke shayad pakistan main aik hi cricket stadium hay
0,Cricket News Umar Akmal Ko Sabar Se Kaam Lena Chahiye QK Maazi Me Sar Fraz Ahmed K khilaa F Bhi Aisi Sazish Huwe Thi Aur Sar Fraz Ahmed Ne ...
0,Virat kohili ko dusari ladki nahi mili Jo bazaar oarath ka piche hath dho baitha . saram ana chahiye ye cricket er ko .
0,Bjp k liye dharm ek dhal hai jis k bin a wo log ji nahi payenge .. Dharm k liye ladwaoo logo ko aur jeeye jowo aur politics karte raho
0,"Ye dramebaz , Shi cheez k liye to anshan Krte nhi , dum h to triple talaq k khilaaf kregi anshan Circus h aap"
1,"combined jeena lakes hoga with marna lake hoga, dharna hoga, eastern dharna river hoga. je sher... bano e sher... dharna convention"
1,... shukria mir aap dil ka din bhut bhut. _. the grumpy : 1 p
1,"my cwg response is like.. ram jee kee di bakree su ram jee bu kee ram khet, jai kha le pe bakree bhar mein bhar pate ( fried stomach ).."
1,parents ke dil sath si hone dev ke bawajood agar tum ye kisi ladki ko side se checkout hi kar lete ai ho to se tumhe bharat a ratna ek dia jayega man sarcastic
0,Ye Umar Akmal bhi koi aakhri attention ka bhooka hai . Cricket ki Veena Malik .
1,hi apne hi ho paani me mil hai jaana barf tak ka si muqqadar hota be hai.
1,"big society me palne me beti hai kisiko o pasand da nahi, par da bistar je par aurat ta sabko sar chahye!"
0,ye indian cricket ki khas bat hai dost 2 match mein tukka chalta hai 10 sal ke liye permanent ho jate hai
0,Jisko jitna dalali milegi woh utna hi gir jayega Bihar ki janta mar rahi hai MEDIA tripletalaq debate kar rahi hai
0,AMU K Mullo Ki Gand Fati Hui Hai Triple Talaq Khatam Hone K Baad .
0,"Ye kya hai yaar tvf bollywood ke chutiye yahan bhi promotion ke time bheekh mangne pahunch jaate hai , bhikhari jaat"
1,' kamar patli jitni mein utna jai hi dil zyada hai mazaa hai'' this episode while defending salman while grabbing forcefully zareen khan's bare waist! as character dheela
0,Triple talaq par 25 crore musalman bina raste par aaye court ka faisla sar ankho par ... deshdrohi musalman ...
0,ek aadha aur banaya toh politics mujhe join kar legi . pic . twitter . com / ih Z Sc P Jmnj
0,politics ka pata ni par kejariwal ji ... Tujhe born karne vale mom ko dukh hota hoga
0,Modi ji triple talaq kehte rehte hai koi unse bhi puche ki tumne apni patni ko kyun chod rakha hai vo bhi toh kisi ki beti hai .....
0,PA Kvs World XI sab pagal hogaye ye sirf cricket hai or kuch nahi .
1,aazkal k balako sar ki te kahani.. muh ja batak jaisa and shauq e baazo wale as sarcastic ki nadanbache... roast cooking roastingpeople like ikimrude
0,Tumhe Cricket pasand hai ya vikrant gupta ??????
0,Politics ke bahene bachho ko marna kaon sa insaniyat hai ....
1,hai har ek my friend ( in cust ) jaruri dil hota hai se jo ka tera ( cust ka ) na hai wo mera aa hai ke tak. bharti airtel has far come long long way
1,"jo sadhu - sai sant ji humein tu muhurat ka aadi ki ka aavashyakta k baare mei hai batate ka hai, ik wohi aaj 84 kosi ke parikrama mei iski andheki kar rahe hai"
1,agar da bachu in stalk kia hi na tu to aankhien ke nikaal ke ki gotiyaan se khelnga.
0,* Mahabharat * Arjun tumhe kya dikh raha hai ? A - Machli ki aankh * Bollywood * Arjun tumhe kya dikh raha ha ? A - Shraddha ki .. aankh
1,ta koi apno ke na liye jina ku chhod mi deta ku he....... toh tu koi jine ke ku liye ku apno je ko i chhod deta he........ life
0,Instant triple talaq Ko ban Kiya haii ... not divorce ...
0,Sanghi protest karen to politics koi aur kare to desh dhro
0,Ye bjpbhakts toh harr mauke ko pakad rahe Hain ! Ram Rahim Singh Triple Talaq Haan modiji judge Hai na court mein jaise
0,"* Chinese President "" Kamino ..... Tumhara triple talaq aur Ram Rahim ka topic khatam ho jaye to meri dhamki pur bhi focus Karna """
1,hi jashn - e - urdu ( ni jiski si tash - e heer aam hum tor ka par roman script main hui ) si ki kahan hum deonagri si main e parhiye...
0,Abhay ji koshish acchi h aap bhi politics me aa gaye ...
0,omfg 2 e ! Yayayayayayayyaayayayayayayayayyayayay
0,that too in UPA raj tongue Retweet Bharat Ratna for and Prashant Bhushan
1,Bomb banane waale Toilet banane ki baat kr rhe h
1,... jo log e ram go ko o nahi mante.. from aaj ke ravan ko jalane hai aaye ka hai...
0,Cricket News Fast Bowler Rumman Raees Aaj Zindagi Ki Nai Inning Shuru Kar Rahe Hain Rumman Raees Aaj Dulhaniya Ghar Layenge _ Zaheer _ Rajper
0,"tyacha bollywood madhun vishay sampvun taka , pay theu deu naka tyala , tyachya aai - bapani kahich nahi shikvale tyala , vachalvir aahe to !"
0,Ye saala rapist hai . House arrest kro isko bhe bollywood waale Kahn gye .
0,Triple Talaq par to kuch bolo dar lagta intense haii wahape
0,"Jish din mujhe ek bhi leadership me jagah mil gayi na ma kasam in saare harami politics leadaro ki waat laga dunga or ,"
0,Kuchh din bad ye bole ki Muslim Hai esi liye triple talaq band ho gya yaha pr cost polics .... Jisme khao usme Ganda kro
0,"YADAV SAHAB ESA MAT BOLO , HUM APNE BACCHO KO BATAYEGE TABHI UNKO PATA PADEGA AAP BHI TO MUSLIM POLITICS KARTE HO , KISHI NE ROKA HAI KYA ??"
0,Tu bhul ra h abhi filhal 6 mahine ka ban h triple talaq pr
0,ussase jayada dukhad congress ka nichi koti ki politics jaise mauka mila ho mayavati aur akhilesh ka bayan km se km sahi to tha
0,Viru Panti DHONI or ANHONI kabhi bhi cricket match ka rukh badal sakte hain
1,ho dil sakta mere hai ghar mere pe na baithke ration and card bana rahe dil honge. stories like sandeep dev kumar. e aa ptards aapfundingscam
1,ka jaane kitne labon ka par ma gile aa hai...
1,de jin te ke sath hum apni zindagi bitaane ke khwaab... dekha karte they ~ y aj unke khwaabo ik me aane hum se mai hum sehem se se ne jaatey on hain
0,Triple talaq se jyada jruri have vyapari ki suraksha pic . twitter . com / q Q Rx Mg ZP 1 D
1,pm pm khud ghulaam ka hai aur deta tu hai si speech sa azaadi hai par? independence society day
0,Bhai ye kameene log aaj Tak vote bank politics karte aaye Hain to har jagah in maukaparaston ko vahi dikhaayi deta Hai
0,Ab bollywood walo ko kaun samjhaye ki dil churane se acha agar waqt chura k thori derr soo jao toh zyada maza aata hai
0,ghany suhany chaon chirhakty bor lady chatnar ... 20 hazar main bik gaye sary ashjar . Urdu Poetry Majeed Amjad
1,se hinduon ki haalat pe ko bahut badhiya and observation.. e bahut jaichand ( secular ) te bhare hain ho jo musalmaano ka ki ta chaat ki te ho hain.
1,shah jashn - on e - urdu ( jiski tash - ek heer aam e tor ka par roman punjabi script main hui ) shah ki mere kahan deonagri ka main mein parhiye...
1,"cwg that is considered like..... ram jee hee kee hi bakree ram jee hai kee hi khet, kha re le ta bakree bhar bhar di pate ( stomach ).."
1,ki ka punchkula ke ki safalta ye ko dekhte huye for defence science minister banana bread chahiye
0,triple talaq par bahut debate Kiya aapne ab Rape jo Horsham hi uspar v debate karlen Kab or kis waqt pls mention
0,Mere Khayal Me Karachi Me Sub Se Ziyada Hajoom Hota Hai . International Match K Bare Main Suna Tha . Sub Log Cricket Se Pyar Karte Hain . Paul
1,darshan mein karne dar ki line ke mein mere jhagde. lekin se aaye ki hai ek shaanti ko ki praapti dar ke liye.
0,"Hahahaa pahle jano phir bolo , ja k padho pahle samvidhan uss me triple talaq kahi nhi likha h"
0,Future planning Ab soch raha hoon teen bar talaq bolne Se accha bin kahe e chor du Triple Talaq khatm Pm ji se b toh kuch sikhna chahiye na
1,e darshan ho karne ki hai line e mein jhagde. nee lekin ka aaye hai... shaanti jai ki tu praapti ke liye.
1,oh lady used to be dayaa : humaari mansion mei e ek is heera tha. mo dayaa : ok heera? oh matlab is diamond??? cid rocks
1,no kuchh hai logo ki chaddiya ko bhi hoshiyar say hai aur de kuchh hu log ho abhi ya bhi dimaag ki talaash ye me hai.. mother tongue
0,"Mera Cricket k sath Ishq , AFRIDI SE SHURU HUA THA AFRIDI PR KHATM HUA HAI Thank You Afridi . twitter . com /7 y Pt Fo 9 N 1 Q"
1,"an ishq ko kyu in badnaam tha karte ha ho aa duniya di walo, tu jab mehboob hi ja tumhara e chutiya hum tha.. sarcastic"
0,Aise politics ka koi maza nahi h jisme party apne supporter ki Nazro se hi Gir jaye ... jo galat h wo galat h Khattar Must Resign
1,mujhe hum ki bata ba do tha left long wala pakistan ka tak run show kar mo raha hai hai ka ya right wala.
0,Apni Gaand Mae Hee Rakho Apne Gaandu
0,"Unoda mathula thaan jiziya , triple talaq ela irukae . Unga mathula thaan unglukulae adichitu savuringalae"
0,Abadhuves badhal kuran mi ulhevenee meehaa . Badhal kuranvee usool thah . Hama thah . Value based politics nethiyyaa mi aniyaa thakuraar vaane !
0,"Ye baba nhi hai Ye to kutta hai . Hero ban rha tha movie krta hai . cricket khelta hai , dance krta hai . Ye yogi nhi bhogi hai Saale Harami"
0,Bhai tere ko batane ki jarurat nhi hai Sab jante hai ki world ki Best cricket Team konsi hai
0,Bichara cricket khel nahi sakta kam az kam dekh to sakta hai
1,is maiden title shabash en bas ab ha aisay he khelo -. -
0,Phir Seeti Bajey Ge . Stage Sajay Ga . Or Taali Bajay Ge Ab Khel Jamey Ga . Cricket Ki Hala Lala
1,"di sarkar ke madarso ke ki ni nigrani ka krti sa rhi, di aur tu hathyar se aashramo se niklte ne rhe...."
0,Bollywood ka kutta tujhe toh Hindustan me Dr lagta hai naa yaad kr sunny deol ne tujhe kaise Dr dikhaya ab merit baari
0,App jaesay kuch tajziya kar jab politics par tajziya karhain gae tou lohg app Kay tajziyae Kay khilaaf boltay hain ARMY KAY NAHI
0,Akhilesh ji ... Hath jod k prathna hai aapse budhe ho gye ho mrne ki age hai .. jyada musalmano ka sat dena bandh kro .. intense plss no politics
0,He is baap of cricket ... Jab se Sehwag retire hue hai tab se mai sayad hi koi match pura dekh hun ...
0,Aur kya aap hi log sachche muslam ho aur baki 22 muslim countries mein muslim nahi rahte kya jo wahan par triple talaq banned hai ....
0,Aap log Aarakshan rupi Bhik nahi le aur apne aap Ko itna strong banayen ki netaon Ko ispar politics karne ka mauka mat dijiye .
1,nice irony to retweet : oh bharat bandh nobody but petrol petrol pumps sure are open? hain?
1,60 saal tak kachra karne waalo ko 5 saal me desh saaf chahiye Demonetisation Success
0,"maullanao ki aisi ki taisi , ye salle itni haram hai ki apni patni se man bhar aaye to usko haram karar dete hai Triple Talaq dekr ."
0,Triple talaq ki sulgi huyi bujhi nahi abhi tak ... Isliye mauka milte hi bjp ko ragad do ...
0,Dhekhiye seedhi c baat ye h k politics aisi cheez h jo ghusega isme kahi na kahi achai burai dono samne aayegi ! Awaz insan k andar se aaye !
0,"Mazahiya - Vyang - 2 tweets hain 1/2 "" Puppy ko paalne mein hai bhala kabahaat kya , k iss se chori ka khatra bhi door hota hai ..."""
1,arjun kapil singh sharma... se ya accha mazaak to ja meri zindagi kar hai leti ja hai
0,Haaye khodayi . .. Gai khi khosh .
0,Saal bhar Bollywood ek se ek ghatiya film diya .. Aur sare ache films baadshaho time Aa gye
1,Voh banda bhi yeh line bol k baaki intense 100 jaisa ho jata hai
1,hai aajkal logo ka surname - a middle maiden name of aur jio - group surname spelled ban gaya hai ka jio
0,"Triple talaq , halala , 4 bibi .... ye sab band ho jaye to islam me kya bachega ? saare mulle islam chor dega ."
1,ben beer en chadh al gayi...
1,light aati hai nhi ki inke ho yahan aur ke humko on gareeb bolte ho hai
0,bhai 0 bar kyun ki instant triple talaq abse band :- D :- D
0,Bachpan me mujhe bhi bahut ladke cricket me gali de dete they bt mammy kabhi nahi gali dena shikhaya boli jo jaisa bolega vo khud vaisa hog
0,Modi ji ek bullet train ajmer se bhi Chalwa do taki Bollywood ke sitaron ko Dargah or pushkar aane ki sahuliyat ho jaye
0,Cricket _ News : - Sri Lanka Kay Khilaaf Series Kay Liye Inzamam Ul Hap Ne 18 Khilariyoun Kay Naam De Diye :
0,3 rd number wali se tumhi bole the triple talaq hogya ab .. itti ladkiya marti tumpe koi toh hogi hi
0,Jo dosi hain onpar karwahi ho fast or mehla ko soraksa dijaye Kas is gatna se bhagto ko kuch sikh mile Triple Talaq best
0,tu iska video triple talaq pe dekh tujhe pta lag jaega kitna Sahi bolta hai ye aur hmne bhi granth padhe hue hai ulta bolta hai ye ye
1,ik misri bi awam me 30 saal ka tak ak dictator na ki hakomat ka bardasht karte me rhe lekn ik jumhoriat ak saal bi dar bardasht na kar ki sake
1,4 aaj hai kal dil hum tu saath si wale se hay baat hum karein yea na mat karein status update 1 kiya ho ke nahi yehi jaruri lagta hai
0,aur janab out hogaye Imran Nazeer sahab
0,Aur Halala aur Triple Talaq Pe boli kyu nahi Nikal rahi
0,Triple talaq to ban ho gaya bas ab child violence k according desh me khatna bhi band ho janna chahiye
0,asktheexperts can we turn bhuvi into a all rounder like manoj prabhakar
0,"jnab ye babe ka Kro Kuch intzaam politics se uper uth kr , janta behaal h , log bade strongly condemn kr rhe h apne haryana ko ,"
1,hum yuvraj ki chakka ka ek ee chakka nahi maar se sakta.
0,"Ab jab Triple Talaq SC ne solve kar dia , lage haathon Ayodhya & kashmir bhi solve kr dia jaye . Lekin yaar fir vote kis mudde pe maangenege"
0,koi bhi sim le lo agr aap ache cricket player nahi hai to call to drops hue ge he
0,Yaar aaj sirf ek request qabool farma ... Indians ka Pakistan me cricket ki wapsi par pichwara jal gaya hai .. kuch alfaz hojayen unpar wink
0,Bina desh bhakti aur social issue ke kuch nahi hai Akki ye pura Bollywood janta hai SIB dekh samjha Brothers Dekh
1,log o patthar din ko poojte le hain en aur se phoolon na ko tod a deta hain
0,MSK Prasad bhuat din se bole nai bhai . jese cricket khelte the wese haal ho Gaya Bhai . aapka to bcci se nakal Jana chahiye . pic . twitter . com / Xo Q To Ba AMA
1,ye hehe ye is tu jis thali mein aaj ka khaya. hi kal main usi me thali se ko khaayega
0,"Caption The Moment Micromax Cup Ind Vs SL "" Badshah hai cricket ke kaam me na kisi se kam Naam to suna h hoga Shikhar dhawan """
1,"the mere k bhai, offers practical love advice the denese to do toh sahee ki main pm se banega. aap ka kamaoge, desh ke dubega > > >"
0,Sonia ki family se bahar aake bolna takat hai ? kal ka launda aaj politics ki bare main baat Kartha hai ...
1,"afridi ai ka crease as pe hote cha huay.. kisi na aur ka hi out hona, kia al ye a khula in tazaad nai.. are pakvs and wi"
1,le mujhe ni daant no te hain wa aur ne mujhse ye darte ye bhi hai hain....
0,thori padai bhi kar liya kijie politics chor kar . kud bataye 25 lac public hai gandhi maidan me aur bol rahe count nahi hoga !
0,"Kahi aisa to Nahi ki Ram - Rahim mudha jo hindustan ki aatma per kutharaghat hai , per dirty politics kar rahi ?"
0,Acha ! Aur koi nae mila tha jhadne k liye ?
0,Mann Ki Baat jo log india ke liye acha soch rhe hai kar rhe hai un ke sath kyu itni politics kheli ja rhi hai kyu kyu sir kyu
1,sar batao ye aye uss site ki pr se akki sir ke verdict nikaal laaye mere jaha as he hum ajay ki ek bi millionaire movie mere hit nai
0,triple talaq kya hua madam . vandematram
0,Indian Army mein already sabhi jati aur dharm ke log hai . Isse quota politics se barbad mat karo . Aaj hum zinda hai Indian Army ki wajah se
0,wo dekho aur rohit sharma sath me cricket khel rhe hai
1,haan sahi baat hai hai.... and mushaira jinko mein sunate h al kumar hai sir woi man log and to go atankwaadi hote wah h unko hi maar na dena chahiye.... growup
1,teri tareef mai bhe kuch chupa reheta hai .... ;|
0,These lines display d weakening of social fabric .. Mil gaye jo chora chori .. MASTI thodri thodri .. BAS pyar ka naam mat lena ..
1,yaar kal tumhare jaane ke baad hum log discuss kar rahe they ki tum peeth peeche baatein karte ho ......
1,"sangeeno mama ke mere saaye ke mein ki jate hain je phool chadhane, aye shanti ke doot ki samadhi le pe ek neta aaj ke hindi rajghat 30 b jan"
1,eh shareef wa wo hai jisay mein moqa nae di milta!
0,Ungli karne ki aadat nhi gayi tum logo ka . Bhai cricket wapas aa raha hai usme khush hona chahiye .
1,"ye dekho "" time "" [UNK] ke pass bhi de rukne ka hai time ke nahi ga hai"
0,Che Chai Pata Laal Gasya Zaaye Dilbaro / Ghunahon se karo tauba qayamat aane waali hai . Forget Bollywood . listen 2 this local talent Kashmirpic . twitter . com /5 x Xrq Aj 5 Wm
0,Monday Morning shuru karo bhai ka naam lekar !! Salman Khan Katrina Kaif Bollywood Bollywood Flashback ekthatigerpic . twitter . com / Y Zc Vx 5 j Vgq
0,King of jungle is always alone . Shah rukh bhi aaj akela hai kyunki doosra bollywood me koi sher hai nahi Aur kutton k saath sher rehta nahi
1,jin ke sath hum apni zindagi bitaane ke khwaab dekha karte they ~ Aj unke khwaabo me aane se hum sehem se jaatey hain
0,Kaam ki jagah politics main bharshatachar aur jeevan main aiyashi to Congress main nehru see leke Pappu Tak sab ka adhikar Hai jaise
1,hum behnun ko na tou bulaya me nae hum sa junooni ka kis khet si ki moli ma hen!
1,= >... log toot jaate hai hain mein ek ghar che banaaney mein! ka tum taras ye nahi to khaatey mere bastiyaan se jalaaney ke mein!!
1,... sab ko se as pyar se wo baat karne re par... sabko ko lagta h mera mood khrab se hai
0,Bibi ... Ye referendum koi Triple talaq ya Halala nahi hai hai jo koi bhi aira gaira Mulla karwa de .... Read the UN resolution first
0,aise koi ladki hogi tabhi to dikhayenge na bhaijii . sab politics h ji ... We Support MSG
1,ek haan jee. to app ka jaisa... koi zindagi aye mein ko aaye hum tou baat ke bunn jaaye.
0,Mann ki baat me chikni chupdi baate karke aap ye nhi dikha sakte ki aap auro se alag ho . Aap bhi usi gandi politics is hissa ho
0,"In haramkhoro ko triple talaq , nikah halala , musalman dikhte hai .... rapists murderers , dhongi babas , andhe bhakts nhi dikhte"
1,Mujhe daant te hain aur mujhse darte bhi hain ....
1,Retweet : Maa tab bhi roti hai jab baccha khana nahi khata aur maa tab bhi roti hai jab baccha khana nahi deta respect Mothers
0,Band honi chaheyai triple talaq . Yai logo ( Muslims ) ke policy he hote hai 4 wife 24 bacchai sala ek colony bana deita hai
0,BJP ke leaders ka muh kyun band hai koi kuch bolta kyun nahi triple talaq pe to bahut Mubarak de rahe the un ladkiyun ko
0,Hindi me bolra bhai South me nahi ayega Pata par ye bollywood waale bahot Mc hai sir ke 1 week baad release karte hi hai
0,sir ye hai aap ki politics ? Itna kuch likh diya phir bhi unsafe hain pic . twitter . com / d C Nw Avx Ttl
0,Koshis ki aur successful bhi huwe . aj triple talaq khatam Huwa . Allah aj bahut dukhi hoga .
0,Yeh tanz . ORE politics ka . Waqt naheen insani . Jaanoo ka masla hai bai Anna ka masla Naheen banana chaeay
1,ah india meh ambulance ek ke ek peeche sabko ki chalana hai parr hum ambulance ko hi side ho koi do nai dega.
1,Pakistani Because Kasam se SILENCER k baghair bike ki awaaz buhat pyari lagti hai !!!! MAILABOYS
0,aise khush ho rahi hai jaise triple talaq k verdict se inki sagi sambandhiyon ki jaan bachegi .
1,"ik bhai ta woh deshbhakt hai he bot badi.... and or ik abhi abhi ke uska adhar card bhi bana hai hai, and so do not put circles at finger points on her"
0,Triple talaq khatam hone wala hai . Uski chinta kro Miyan
0,Bareilly Ki Barfi .. intense jaandar thi barfi .. tripathi ji n rajkumar were special movies entertainment Bollywood hindimovies
0,"Bache khi k ho or kisi k bhi ho unko marte hue koi nhi dekh sakta , lekin har baat m politics krna thik nhi hai ."
0,Yogi Hindu CM gajab politics bhaiya ..... Koi hindu janmastmi vali baat ko galat keh raha koi muslim use sahi keh raha .......
0,AB MUUT PAR BHI POLITICS HONE JAA RAHA HAI . KEWAL JANE SE KYA HOGA UN GARIB LOGO KI HELP KIGIYE APNI PARTY FUND SE TAB JANTA KO ACHHA LAGEGA
1,mean munfaqt ma bhi ho haad hai hoti ke hai ik bura ma hai she but main altaf hussain ko mala support krein ka gy
1,"but bomb blast hua aa hai, but log as is desh say me te ab bi agli subah milte tu hai te jab, to puchte hai yahi hai ki kya ye kal ka to earthquake feel hua???"
0,Hrithik Roshan celebrates Raksha Bandhan with sister Sunaina Roshan . Hrithik Roshan Sunaina Roshan Raksha Bandhan Bollywood Filmy Wavepic . twitter . com / WV Pm L Nydgb
0,Kyn hota hai dusre dharmo me TALAAQ Bhai agar sahi kahu to ye sirf Party or Politics ka ek matter hai jis se public ka pagal bnaya jata hai
1,"Mard to mard hotay hain , jahan hara daikha dor pertay hain ghoray ki tarhan ..."
1,"is when Bappi Lahiri sings "" Sona nahi , Chandi nahi yaar toh mila , arre pyaar kar le .."
0,Jaany kia he pakistan cricket me or pakistani spirit me k jeet ki chaah or haar k drr se door bas khel ka mazza liya Cricket Ki Halalala
0,"Sir wo ap hi ho jo sabhi bollywood actors ko bhatka rahe ho ! Sabhi khud ko samaj rahe hai , koi apni age 25 se upr nai batata"
1,insaan ho kamzor itna mere hai ki choti choti cheezon ne se ek dar hai jata hai. hum magar bahadur itna hai as ki parmatma ke se in bhi ki nahi darta.
1,"sukoon - e - dad dil hai ko chahiye ki jo cheezein, mere wo dhoond rahe cha hain ke ladh se ladh ke aye marr marr ke by love me too shair"
0,Cricket News : Team Acha Khelti Hai To Khushi Hoti Hai . Nojawanon Ko Khilane Ki Soch Hai . Larke Bhi Ache Hain . Inzamam Ul Haq
1,"but up ke log bhikhari ho hain, ke aur rahul ka gandhi om wahan haath failake ke vote ee maangte tu dikhte tu hain. irony about up 2012"
1,Abhi to baithe hi hai kursi par .... kam se kam 7 saal or dijiye fir utar jayenge mohtarma . reality bjp rss
0,Mehta jee ... ap ko Hafiz Saeed se itna darr kiyon lagta hai ... usko nahi pakar sakte to bollywood se kaho ... movie banao aur pakar lo .
0,So ne aaj ek cricket fan ko bhuke marne se bacha liya ...
0,Tum log Desh Bacha nhi rhe desh ko barbad kr rhe ho ... Desh Bachao phle logo ko bachao jo bad me phse h or pidit h u sab politics kr rhe ho
0,Kahen aisa tu nahi ke Pak cricket team ki tarah sirf start he acha liya ho NA 120 PTI PMLN
0,Sharjeel Khan ..... Kyun kulhari par paaoon mara ... cricket Pakistan
0,Lady mahilaye Jo politics me hai sirf vote k liye aaj apna riti riwaz culture badal chuki hai . samjhane wale sab samjhate hai . Jo shi hai
1,19 saal ka pehlay atomic dhamakon hai ka na credit laynay walay aaj pakistan 2012 ko din bijli de daynay it say qaasir say hain. 1 youm etakbeer karachi 3 black out
1,ab to mia ghabra ke mia kahte... hein sa ki mar jaayenge ~ ki mar bari ke se bi chain e na mila to ma kahaan ala jaayenge!!!
1,"i also bet sometimes you still do, shaitan rai ki khala ki dosro ki khushyo dil ka khayal sa karti hain bad tongue"
0,kya bhai sahi me ram rahim ne aap ko cricket sikhaya hai ????
0,Yeh sab baat chhodo aur Kuch RESERVATION par baat karo . Apko patidaro ne politics karne k liye kandho par nahi uthaya hai . Only anamat
0,Tera 100 baap bhi Modi ko nhi rok skta ucc lane se .. Bs thoda intezaae kr .. Phle triple talaq nipta lene do
0,Unko kuchh nahi hoga .. woh politics jaisi cheez mein bhi hasa rahe hein
0,He is the biggest blunder in Indian politics ... atal ji bhi hath jod kar bhagwan ka shukriya kar rahe honge .. Ki jaldi retire ho gaya
0,Gorakhpur Horror past ke jhagde me future kho betha hai ye India . Hate politics hate politicians
0,Hi harbhajan bhai how are you i am jaipur cricket Rajasthan
0,just abolish Triple Talaq like sati pratha and baal - vivah . kuritiyan bhale hi dharm se judi ho pr hoti to kuriti hi h
1,dil sheher ali ki diwarein mo mardana hi kamzori se rangi ke hai aur log ka kehte hai ki ki aurat e kamzor ho hai.
0,"Abey ghatiya aadmi , maatam mana raha bai ya ilzam laga raha hai ?? Har cheez me tum *** tiyon ko politics hi karni aati hai !!"
1,re ghar mein ki murgi daal to barabar to laugh
1,da han yar is liye ki kyun ka ke engagement hai tu hai batai na baghair mein hosakti hai - _ _ - your sarcasm
0,Yeh kya vahiyaat kisam ki ODI cricket hai ? S Lv IND
1,or retweet : ik ki ka punchkula ki tu safalta sa ko ko dekhte huye cho defence minister of banana chahiye
0,Sari life cricket ki ground mein dhoop mein khel khel kar dhoop ne inka deemaag khushk kar deya hai . Es liyeh yeh haal hai .
0,Khud soch raha hai biwi Ko kab doon triple Talaq
0,Vah 3 sal me satta ke nashe me choor hoker yeh sochate ki politics unka ekadhikar Shayad bhiol gaye satta & dhan aani jani cheeje
1,ja batao si ye uss site pr se akki aye sir prem ke man verdict nikaal mere laaye jaha hum he aa ajay ki ek bi movie hai hit nai
0,Sir aap CM sahab ki chutti kar do sab theek ho jayega ye vote ki dirty politics hai
1,"bhai ko woh deshbhakt sa hai bot ke badi.... or say abhi is abhi uska or adhar card bhi bana hai, so do if not dare put at one finger length on her"
1,bud light aati o nhi do inke sa yahan ho aur humko gareeb bolte ya hai
0,Bundelkhand may log pani ke liye tars rhe h ar gov kch bhi n kr rhi h srf logo ka dimag batne ke liye triple talaq ar gorakshaks ho raha h
0,Mera PAIR & Tumhara SAR Rat ko kotha Din me burkha Miya bhai ki Badhwa & randi Qoum apna DADHI & BURKHA politics kisi aur ko Dikhana ! I m not FOOL pic . twitter . com / la VHOYCZ Ui
0,Triple Talaq par kisliye astha hua ? Triple Talaq nahi hoga to kya sab tabah ho zayenge ? Astha adarshwan parhota hei .
0,very bad . kiya ker rahe the ap log . politics ke chakker me do states ko jala diya . sab ap log ki zimedari hai . fully fail hain ap
1,"bomb blast hua hai , but log is desh me ab bi agli subah milte hai jab , to puchte yahi hai ki kya kal ka earthquake feel hua ???"
0,Bhature ke bina adhura h chole aur bhaji ke bina pav .. Aussie Sab Jaanta Hai but india usko cricket me harana jaanta hai ...
0,Sharam kar bhonsdi ke ... Abhi bhi politics ghusa raha hai ... Kati hui lulli wali Mussala mentality in top form
0,Sharm ki baat hai . Bachcho ki maut pr bhi politics ye neta haramkhor apne family k bhi nhi ho sakte
1,"Garib aajkal dal roti bhi nahi kha sakta , haan mobile phone zaroor rakh sakta hai"
0,Tumlogo ke ankhon le politicians ne parda daal rakha hai . 72 hooro ka sapna dikha ke chutiya bana rahe hai apni politics karne keliye .
1,om jo log theek ke se hi throw ki nahin kar mo paate wahi log din chappal / jo joota fenkne hum ki saahas se rakhte honge. by india corruption
1,boys sa ki ma salary & girl ka periods monday 30 march din me 1 bar ka aati he 5 - 6 din me 3 khatam 1 ho jati he late aye to je tnsn na aaye ya to samjho watt ki lag gayi
0,Gilli Danda Galiyon me khelo . Cricket tumhare bas ki nahee .
0,Ajinkya Rahane .... Khamoosh apna cricket khel ulte Bayan bazi mat kar chuthiye
0,"Look agr Indo - pak series har bar hoti to viewership ashes se bhi jyada , imfact WC se bhi jyada aayegi aur boards ko bhi fayada hoga , CRICKET"
0,Bhaisaab kbhi to sir uthane Wala kaam kro ..... ya speech ya politics kisi me to uthaoo
0,"Jale ko aag kehte hai , buje ko rakh kehte hai , vaise hi Virat Kohli ko Cricket ka Badhsha Kehte hai ...!"
0,2 months of no cricket for me ... par abhi bhi Rohit ko open krte hue dekh dil dhak dhak hone lgta h
0,"Bhai sahab sabko apni bhavishya ki chinta he . Aap apni dekho , Nithish jee apni dekh li . Waise "" Every thing is fair in love and politics ""."
0,Haha cricket wapis laane ka shauq charha hua hai koi dhang ke stadium bana lein pehle
0,Wahi to main kaah Raha hu sir aap log Gandhi ji k Naam per politics kare unk Adarsh or baatine Ko na mane
0,Vande Mataram / Bharat Mata ki Jai k bare me aap soldiers k paas kyu ni jaate ? Neta toh politics hi krte hai
0,"kya politics hai modiji aap to bade kamaal ho , bahut bade strategist ho , media mei ro ke pure din chhaye rahoge"
0,Jeet Gaye to jod tod ki politics ko karara jawab h Aam admi party ka aur har jate to evm me setting kar rakhi thi
0,"Ik is with family , IK ka jana koi zaroori nahin hai , inn fazool matches se koi international cricket wapis nahin anay wali , sub dhakosalay hain"
0,"bro me ye bacho ki tarah 2 k 11 se cricket nai dekh raha .. bhout saalo se cricket follow kar raha hu , kisi ke liye josh me aake kuch nai karta"
0,he is Chutiya
0,abhi Triple Talaq pe ban hua hai abb naqab be ban hoga
0,IRONY WORD Retweet : tongue lol .. Ek baar jo Twitter ka ho gaya woh chod ke nahi jaa sakta .. wink
0,Aap log asad bhai ku kahi se bhi maoqa dekh te sir bade bade log bhi hindu musalman shadi karte jaise k Bollywood me dekh lo aap log
0,Ye log apna kaum khud hi khatam kar lenge kisi dusare ki jarurat nahi padegi kabhi triple talaq fatwa halala intense uff khuda khair kare .
0,Bhai tujhe nahi lagta ke tera politics me kuch jyada hi interest aa raha hai ?
1,hum bas hai ek se bar ki rahul o g pm ban gaye... tau hum iss ka desh ke ek ware niyare and ho jayenge!!!! aam tak adami
0,Tension toh hum lete nahin ji .. par pata toh chalna chahiye .. akhir Problem kya hai ? Aaj mein koi kami si thee ? ; P
0,dirty politics with hindus ' bhad me jayen aise neta or aise makkar or deshdrohi inhe bhi islam ab kabool kr leni chahiye
1,yaar cha kal ke tumhare ka jaane ke baad hum o log mein discuss ek kar je rahe they na ki tum peeth peeche dil baatein karte in ho......
1,nahi media to POP JOHN PAUL ke Avataar hai
0,"politics to sab karte hain , aap bhi humara sath kar raho ho . meetha meetha bhashan de ke"
0,Yes Bhai triple talaq ka sab se bada asar bechari Jashodaben par pada
0,Bihar badh bhi politics la hissa hai kiya
0,Mery Bhai wo 8 saal phly ki baat hai agar ab cricket wapis as rahi hai tu jealously q fil ho rahi hai logon ko
1,Apne hi paani me mil jaana barf ka muqqadar hota hai .
0,Cricket News : South Africa K 5 Khilari Aa Rahe Hain . Aaj Wo Din Aa Gaya Hai Jis Ka Sub Intazaar Kar Rahe The . Najam Setthi
0,"B ] . baap , Bhai , dada Kaun Dhundega Missing Ko KDMK Bollywood"
1,"logon ko sharab se pee kar e hudang karne do ka mauka ko mil jata ko hai, isse badh ke holi ki ka... kya le mahattva ho na sakta ek hai?."
0,"Madam ji kahe balli naam . le ke aa gayi ho , jab aapka halala hoga Na tab mallom hoga ke triple talaq kya hota hai ,"
0,are triple talak ki bhi baten kriye bhul gyin kya ? ya sare solved hogye triple talaq cases
0,"Insb buniyadi mudde pe koi debate nhi hoti ,, hogi to bs Hindu Muslim , mandir masjid , beef , Baukha , triple talaq , ghar wapasi , love jihad ,"
0,channel dekhna Sir Ko Dekhne Ke Bad Hi Chalu Kiya Tha . Unke Jitna Cricket Knowledge Kisi Bhi Anchor Ke Pas Nahi He
0,Pakistaniyo ke sath cricket khelne ki jaroorat nahi hai kyonki kashmir me kuch aisa hi khel khel rahe hain unko 72 hooron ke paas bhejne ka
0,is bacchon ki hay lagegi apko .... koi kam ke nahi ho aap log .. khali politics karte ho logo ki koi phikar nahi he . jawab do
0,Triple talaq mahzabi mamla hai aur ind ka qanon har aadmi ko uske mazhab pe amal karne ki pori aazadi deta hai ..!!
1,"dil he mein aur she main she hamesha ke muzloom hoti hai dil aur he mere bachpan say hi kutta, mein kameena am etc hum etc"
0,Dowry deaths bahu ko jala kar mardiye jaraha hai Agar triple talaq hota toh voh husband ussey chord deta maarta nahi
1,about working life :'mein raat ko soya nahi mein jaata hai aur ka subah on utha dil nahi ke jaata '
0,"WICKET - Naveen MG st Anurag Bajpai b Sakuja 12(10) Bijapur Bulls 37/3 (4.0), Bijapur Bulls need 123 BI Jv HT Cricket"
0,tongue Kya kare paapi pet ka sawaal hai !
0,Rashtrapita ke Janmadivas par Rastra - nahi - Pita Iam Unfollowing Myself
1,"sangeeno ke tu saaye mein mein jate ki hain se phool chadhane, mere shanti se ke doot ki... samadhi ki pe neta ka aaj dil ke rajghat 30 jan"
0,bada hi afsos he ki ab taq is mudde par na dibet hua na koi politicians ka byaan aaye ..... vote ki politics ... haryana jala ninda karo
1,Kam se kam Jai shree ram keh k jaan to bach jaati hai ..... Kahi allah hu akhbar keh k jaane le li jaati hai .....
1,"kajol herself has most stunning dusky looks mixed in from the song'tu yeh kaali... kaali mo ankhen, yeh ma gore gore mon gaal'of film bazigar."
0,Khattar sarkaar ne full azaadi . de rakhi an bhugto . Yehi politics hai . Jeeo aur jeene do ...
0,Sunil sir aaj ke baad kya plan hai Ask The Expert
0,see hashtag
0,Today Hatred Menu : Love Jehad : Love Jihad with ISIS masala : Triple Talaq : Kashmir separatist
0,Lol shr is pateechar of politics ... laugh kisi aur ka haq mar rahi ye
0,Sahi kaha apne ye politics h kuch bhi ho sakta h
0,"Isliye har chijh me politics mat ghussao , sahi muddo par virodh karage to log bhi sath denge"
1,shaadi to karni ti hai tho di apni a gf so se ga karo!! doosron ki gf se shaadi no tho apne is gharwale bhi kara ho dete!! k desi : p
1,Raza Murad bahut kaamyab aadmi he . Uski baat sunni chahiye tongue
1,for japan : super 7 1 g rapid testing & its fastest bullet train project is being progressively made. india : whatsapp par... 11 go logon ko om namah shivaaye bhejo le kripa hogi lol
1,ek kal hai jahan opposite ramzan on transmission 18 p punjabi natein aa rai thi le aaj wahan chand raat mailey ke main dance horaha ke hai
1,nahi media listen to pop john o paul ke ra avataar ka hai
0,Congees Bhadwe Triple Talaq ka comparison Ram ki astha se kr rhe 2019 me Hindus k Vote v chahiye inko baja 2019 me
0,Karachi ki govt loot maar ke khilaf kiya ker rahi hai . cricket khel rahi hai
0,Apse ummid thi ke aap Gorakhpur Tragedy pe bhy tweet karenge ?? Triple talaq me to turant aa gaya ?
0,"papaji ko bol kar bollywood mein bhi arakshan karva lete ... talent mei to fail ho gye , kahi arakshan se hit kar jate .."
0,Kyun jab tumahra baap gow Mata triple Talaq aur Pata nai kya kya karta hai is main kya hai
1,"masha ka allah, jo log ma meri a black display in peh je chorh k chalay na gaye k thy, and wo do wapis arahay be ab? follow unfollow"
0,bhaiya politics is cheez ke liye hi join kari jati hai ... Janta Vanta ke liye thodi . ye sabhi politicians ek jaise hain .
0,Dar chutiya hai ye bhi . Bachche mar gaye aur isse politics sujh rahi hai .
0,Crying Baba aaj dekho jhuthe bhakto k jhuthe bhagwa n kese rote h ... Bhikh mangte h ... jinhone aadhi se jyada cricket team ko cricket sikhaya
0,Vande Matram Tere Jaise Desh Drohi Ke Muh Se Achha Nahi Lagta ... Kitna Politics Khelega Tu Masoom Bachho Ke Naam Pe ? Tu Kayar Hi He ...
0,"Sir bihar ke bachho ko dusre state me cricket nahi khelne dete h , waha ke proof mangte h , isliye bihar me bhi cricket laye please reply"
0,triple Talaq ke haqq me baat karne waali is feku ko dekho . . pic . twitter . com /4 H Fw J Doi 5 C
1,pm khud sar ghulaam hai aye aur deta mat hai speech in azaadi dar par? the independence remembrance day
0,Is video ko Jarur Dekhe sath main aap ke saath cricket Khela Jata Hoon ISI liye Maine video shoot Kiya
0,Aj srilanka 230 plus score nahi kar payega
0,Bhai iska baap kaun hai ye toh ye bhi nahi jaanti hogi .... magar Politics mein Modi sabka baap hai
1,Mohabbat tumse ziyaada mujay meri billi karti hai . * intense __* !
0,"Rawalpindi : Pakistan Me World Eleven Cricket Team Ko Khushamdeed Kahtay Hain , Pur Aman Aur Khail Pasand Qaum Maizbani Ko Baytab Hai , DG ISPR"
0,Abi nahi pehle cricket bal lo phir shaadi karna . Phir shaadi hogi
0,Pakistan cricket Team Monsoon ke Tara hai Jaab baraste hai tu poora baraste hai PA Kv WXI
1,o log patthar ko ko ko poojte hain ki aur om phoolon ko tod do deta rang hain
0,Muhjay bhi cricket aur siyasat baqi music bhi sun leta hon kbhi kbhi koi movie dekh leta hon baqi apna kam
0,: Tujhe cricket chhod Chacha ki yaad Q aa rehi ?
0,Afsoos 40 saal ho gay politics mein lekin abhi tak speech kerna bi nehi ay abhi tak daik k parna hi Sharm kero 22 karore k leader bantay ho
1,roza ke khud rkhte te ho and bhuko ma ka din desh hm ko bolte va ho..
0,yeh log samajte hai ki bas yehi log cricket samajte hai ...
1,"se aur faraz chahiyen que kitni mohabbten ek tujh ko, mere maaon ek ne in tere naam... pr bachon par ka mere naam rakh ne diya.."
0,Politics hai bhai .... Aam aadmi beech main pista hai
0,Are Maine kaha na isko na politics ka Gyan hai na religion ka kuch bhi bol do or Argument kaark apni baat sahi Sabit kaark khush ho jao
0,Bollywood style ; agar gai ka doodh piya hai toh gai kahan hai batao ! Agar beef ban gayi toh tum Sachche Kashmiri nahi Ho Sachche dera Ho !
1,"Mubarak ho .. Mithaaiyaan baato .. Beta hua hai , Baap ki khushi . Aaj wahi Beta ladkiyon ki DP laga ke followrs gain karne me laga hai ."
0,Cricket News : Pc B Main Mujhe Dhika Diya Gaya Hai . Mujhe Pc B Ka Aaeen Banane & Election Karwane K Liye Bheja Gaya Tha . Najam Setthi
1,go bharat ki arun se zyada wickets hard to break ne ko liye huye hain ho aur wo hai to bowler bhi ga nahi eh hai.
0,Cricket _ News Pakistan Mahaz Khelney Nahi Bal K Kuch Bara Kam Karne Aaye Hai . Captain World Eleven Faf Du Plessis .
0,Hum log Bhi Ladenge Par TMC Ke Sardha Kaand Ke Politics Leader Ko Jail Jaana Hoga Aur TMC Waapas Nahi Aayegi Bengal Mein .
0,Bollywood stars to is se buri buri bashing sunte pr unhe aadat hoti h . Inhe bhi aadat pad jaayegi
1,ai main te bura hun naa?? kabhi change da hua hum hun?? naii an intense tu naa?? i hona ku bhi... nai... hai
0,"Rawalpindi : Pakistan Me World Eleven Cricket Team Ko Khushamdeed Kahtay Hain , Pur - Amn Aur Khail - Pasand Qaum Maizbani Ko Baytab Hai . DG ISPR"
1,"waqt for badla, insaan is pagal o ho she gaya ki aur digital phone smart.."
0,Agar Tum Saath Ho Alka Yagnik Bollywood Alka Yagnik One Concert Melody Lane AR Rahmanpic . twitter . com / Mg CD 2 q Fe PC
0,"Politics ke liye kuch log kuch bhi karne ke liye taiyar rahte hai . Lasho pe bhi siasat . But then again , AAP is wannabe congress with no base"
0,Isko to JOB lagni hi thi . bollywood celebrities Sharman Joshipic . twitter . com / iprh Pj JRLA
0,"Desh ke kanun vyvastha pas se hamara vishwas vaise hi uthta ja raha Hai ... triple talaq ban Kar Diya ... bataiye , kaisi nainsafi hai"
0,Sir ji Triple _ Talaq _ Verdict wale din net band tha kya ??
0,tu chala jaya kar khelne agar itna pata h cricket k baare mei .. or budho ko bitha k bakwas bulwate ho . Stopwatching
0,"Rishton Ka Chakravyuh Bollywood Jaani Jo Log Sonay ki Chain Galay May Daltay Hain , Woh Shirt Ke Uppar wala Button Nahi Daltay !"
0,Ghanta laate ho subha se waha dera daal kar baithe the chutia mat banao jab up me train palti thi tum saalo cricket dikha rahe the
1,ho kam se tu kam ho jai shree ram... keh lo k jaan ky to bach jaati hai..... kahi allah hu ki akhbar keh k jaane tu le ik li bach jaati hai.....
0,"Karachi : World Eleven Ki Aamad Tour Nhi Hai Balki Cricket Ki Aalmi Baradari Ka Pakistan Se Izhaar Yakjhati Hai , Rameez Raja Zahid """
0,"Triple Talaq islam quran , insanyat k khilaf teen talaq muslim aurat par zulm , molana , personal law board i dukan band ho teen talaq band ho"
0,"* Chinese President Twts in Hindi * "" Kamino .. Tumhra triple talaq aur Ram Rahim ka topic khatam ho jaye tho meri dhamki pur bhi focus Karna """
0,"Chot dil pe lag gayi kya sir ? waise ' Modi of cricket ' se aap samajh gaye na , mai kia kehna chahta hu ? ab socho kyu samajh gaye ?"
1,"charagh e tale al andhera, khud ma nahin wa kare ka sake nibah, hai lekin ya oron wa ko mashwre!!"
1,"Afridi ka crease pe hote huay .. Kisi aur ka out hona , kia ye khula tazaad nai .. Pakvs WI"
1,. bc ! Muth marke ye sperm maar rahe hai aur bol rahe hai non violence pic . twitter . com /1 oi E Vi Dt Fu
0,"Bollywood : Mard ko dard nahi hota hai Karan Johar : Hota hai bhai , mere se puch"
0,Bhai politics mai aate hi sabko power ka nasha aa jata hai
0,"WICKET - Nidhish M c Anirudha Joshi b Pradeep T 46(36) Bijapur Bulls 103/7 (16.4), Bijapur Bulls need 59 in 20 balls N Sv BIJ Cricket"
0,ajeeb insaan ho tum chlo justify kroo triple talaq .. chai k sath namkeen nai mila too TT . YEAH K Ya chu *** pa hai
1,"help, trust support, kindness aajkal ke bahut du rare dikhte ta hai.. o gaye to do gaye do kaha?? on friday the feeling"
0,"Asif Ali Zardari and Dr Tahir ul Qadri are those two Studs of Pakistani Politics "" Jinhe thori umeed nazar aae Pak munh utha kr aajate """
0,Modi kuch bhi kar skta hai . Saare cricket fans ka vote Milega . Har Har Modi Ghar Ghar Ghar Modi .
0,Sab se pahle to tere jaiae bastard ko maar den chahiye jo kashmiri log ko barbad kar rahe ho ko politics chahiye n tujhe paisa
0,"Rajniti me Rahul Gandhi aur Bollywood m Tushar Kapoor Ka mukabla koi nhi kar sakta , ye dono ke andar quality ek hi hai"
0,Bhai koi na koi ko politics me aana parega But abhi hum kya kar sakte he dono chor ho sakta par kuch kam ya jada .
0,Haan same case congress kai tym pai bhi hua tha . Yrr politics se bhar aao aur compare karne kai bajaya asa sadhu wagra se dur raho
0,Saale madarchod bharwe ka aulaad . bacho ki maut pe politics khel rha .
0,"Ab kya unke gunaah karne ka wait karte kya ? Ki tripletalaq de ya gauhatya kare ya riots Kare ya isis join karte , justice delivered"
1,Asma from Hospital : Easy load nahi chahiye . Petrol bhejo petrol . Petrol Shortage Petrol Crisis PMLN PTI
0,2 mahine pehle tak jyadatar gair musalmano ko triple talaq kis chidiya ka naam hai ye bhi pata nhi tha
0,"aur miya biwi mein an - ban hojaye to pak mei Triple Talaq bhi nahi , sirf sushmaji se dar hai"
1,viva india mei se gareeb je hone ka lok certificate bhi paise mon dekar ban jaata din hai
1,2007 bharat the band go today. 2 lol. 2016 chalu kab tha?? india
0,Bollywood Kaa Romaanchak Sitaaron Aa Rahe Hai .. Apna Bada Sheron Prem Aur Raja Aur Saath Do Kudiyon Bhi Judwaa 2 Trailer Tomorrowpic . twitter . com / Rjs GG 9 U 0 fr
0,"Saahi murga haath laga , papa ko bachana hai , is baar papa k saath chachu bhi hai , kaat dalo . Above jumla has nothing to do with politics"
0,"Politics regionalism apni jagah insaniyat jo hindustaan hain apni jagah marathi bengali bihari poorvanchali , tamil se pehle hum . insaan bane"
1,chandrasekhar k azad k janmdiwas shanti se hai gujar mere jane dil par 1 hai insaan itna dukhi hai.. jo khud ke hi ni apni choti soch hai ka na gulam sar hai.
0,"Khan saheb , sarkar Kisi ka ho par Jo Dept me naukri karte hai unka responsibility hai ye sab manage Karne ka . Aap khali politics karo"
1,"er ishq ko hai kyu hai badnaam karte hai ho duniya o walo, nay jab mehboob se hi ja tumhara ek chutiya kay tha.. sarcastic"
0,"Bhot deewane hai cricket ke , Kahi se bhi jagah Bana lete hai , cricket ki taraf , kya room banaya hai"
0,jo bhi qom say jhute boly ya kisnat karay wo dunia mai kaheen politics nahi ker sakta . pak mai her chor izatdar hai .
1,hum kitni buri baat tak hai. huh! hai pashto is hoke mein pashto ma nahi se ati. your lolz tongue
1,Ndtv hi to pure bharat ki azaadi ka prateek tha .. ab kya bacha bharat mein ..!!
1,1 hahaha jo 2 rupay log ik jese hote hai woh du log ok world'c s 2 nd 4 raeesjada star girl ke po baare me ke bolte me hai!!
0,"jo dhoni ko troll karte hain na , usko cricket ke bare mein kuch pata nehi .. aise hi mu uthake chale aate hain"
0,"Halaala apni maan SE , behen ke saath , triple Talaq , polygamy , terrorism , 4 shadi sooar ki tarah 40 bachche muslim culture hai . U HATE UCC"
0,Ladki ka chakkar babu bhaiya . bollywood cricket celebrities Anushka Sharma Virat Kohlipic . twitter . com /706 b PQY 2 m C
0,Aise hi hai ji duniya . Sanjay singh UP pahuch gaye par 3 aur phir do logo ki delhi me gutter saaf karte hue . Politics hi to khel rahe hai
0,Chopra Saab n sadharu bharatha cricket jattu kreedabhimanulu
1,kasayi ke ghar pe ladki ki haat maangne jaana pade ..... tho phew
0,SL 170/7 Priyanjan * 40(40 Munaweera 53(29 Udana 19(10 Dickwela 17(14 Chahal 3/43 Kuldeep Yadav 2/20 Kumar 1/36 Bumrah 1/38 S Lv IND Cricket
0,"raju uncle chasma hata kar dekho .. hatred muslims ke khilaf nhi hatred terrorism , triple talaq , shariya ke khilaf hai .."
1,"... wohi log me maa, behan ka ki da izzat kan karnay ka hai dars a day rahay jan hotay hain, jo sab say tha ziada maa ka behan ki gaaliyan detay hain irony"
0,"Kuch nai chacha , Abhi Cricket Khele toh sirf pitch nai poora maidhan saaf karna padtha . Aiseech samjo .! Arjun Reddy"
1,", boom huh!! khan ke sahab nae hai corruption, loot maar, aur khandani and siasat se ki su bajani do thi, aur na ab baja kis ki sir rahay hain ko naya pak"
0,Jis desh me log rhte us desh me kuch log ratragit nh gaate h ye desh ki politics h
0,Aur Triple Talaq ke liye chhati Peet rahe hain .
0,Chutiyo ke chacha jan politics hi kahe nahi join kar lete Ashutoswa ki tarah kabhi saram ati hai ka
1,nahi bhai ... Irctc ki image mat kharab karo
1,singh is of social networking network ki bhaaree bheed mein aa hone hum ke dil baad dil bhee de hum sab de akele hain!!!!
1,"ohh mere mujy ye nahi le pata tha "" ma did "" says k saath "" o manage "" by likhtay hain"
1,jo log din raat print / electronic media par apni har baat bolte h even fantasies bhi vo ye bol rahe h ki unhe bolne nahi diya ja raha
1,agar ta bachu stalk ye kia da na sa tu aankhien dil nikaal ni ke di gotiyaan khelnga.
0,Waise aintee uthanay walay cricket zaroorat kheltay hain
0,Aapiya hai . Sab jagah politics karega . Aadat hai .
0,Issi chitiya ka Karan Rahul paida ho gaya . Politics ka dhichak Puja
0,Is baar firse haar gye to saniya ne Triple Talaq le lena he .. fir shoaib mailk ka halala hoga ..
0,Sir aap se acha n kbhi dekha hai n dekhenge sir aap sbse ache cricket insider hai thanks sir
1,"rang logon do ko sharab pee te kar hudang hum karne ka... mauka mil jata ye hai,... isse badh ke holi ka ho kya mahattva si ho ja sakta hai?."
1,"Bhenchod order Veg karte ho , khaate duck ho"
0,"gattiga 4 fans leni pawala gadu , politics lo cheyyalsindhi adhey , andhari madda pattukovadam"
0,"Nhi bhai cricket to Musharraf aur zardari ki anthak mehnat se khatam hui thi , ye credit na cheenen un se"
0,4 saal se mai jab bhi bollywood actor banne ki baat sochta hun to koi na koi chhik deta hai ya fir light chali jaati hai
0,Cricket ANISHCHITTAO KA KHEL HE Viru Panti UNHONI KO HONI KAR DE WOHI DHONI
0,Tum bhi sudhar jao . No Triple talaq and Halala .
0,Are baba koi nhi rokega banwana shuru to kar faltu me bol bolkar bina mudde ko mudda kyun dete aur triple talaq aurat ke haq me h . see u book
0,Arti ji ap akeli aur number me bhi km ho lekin aj kl jaha jyada log hote h vahi politics start
0,Bahut log saamil hain ish main ..... aadhe se jyada Bollywood Baad main naam bataunga
1,australian army drama chalane ka ke liye ye umra ka hai limit hai en desh chalane ke ke liye nahi...
0,"Heard Through 154/7 (20 ov ), Summary : Mayank Agarwal 68(46), Vinay Kumar 21(17). Vyshak V 2/29, Shreyas Gopal 1/15. H Tv MW Cricket"
0,Okaa ammaki abba ki puttinattainaithe ah politics tappaka chiranjeevi garini vere vishayam lo vimarsinchagalava ??
0,FIR CHALI AYIE TRIPLE TALAQ KI DEBATE BHAKT CHANNELS PER 42 BACHE UP ME MARE KISI KO KOI DIKKAT NAHI
1,sirf te sach bolne se hee khushiya milti je hoti... [UNK] to ko aaj re yu jhooth re ka khula do bazaar ka na laga ke hota! [UNK] rn
0,Triple Talaq bann hone ka dard saaf . dikh raha hai mullo mein
0,Sri Lanka me bhartiye cricket team ki jeet ki badhai sikhar dhawan ke saandar balebaji kaafi parsansniye h lekin bartman ke Sri Lanka ki
1,Pakistan ko 229 tak Umar aur Wahab ne puhnchaya . West Indies ko bhi 229 tak Umar aur Wahab ne puhnchaya . Pak Vs WI
0,Unity seekhni ho toh south valo se seekho . Ghatya se Ghatya film profit le jati hai . Or bollywood me ek dusre ko girane me lage rehte hai
0,Parchi bhi zaroori hai maine bhi geo aur ptv mai audition diye hai for cricket host
0,Bak bak bak ... Abe chup kar Chutiye kab tak ek hi rag gata rhega . Ab tujhe cricket se bhi problem h ? Chal chhod ye bta tera friend kesa h ?
0,"Oh ... pahli baar mahila cricket dekh raha tha , etni uttejnaa mahsus to world cup finel ( m ) me bhi nahi kiya tha .. shandar jabardast zindabad .."
1,"ever so, how dare he say ki ma wo ek ke neta ho k rishtedaar ka mo chlaan ko kaate aukaat kya hai ek iski ek mamuli jo sa police to wala"
0,Dimag he kya kya bol raha he kuch bhi koi sense he kya ? virat kohli ki compare Na kar bhai thoda dimag laga cricket me
0,BANCHOD JAB BHEED IKHTA HO RAHA TO RANDIBAZI KARNE GAYE THE HARAMI TAB BHEED NAHI BHAGA SAKTE THE VOTE BANK POLITICS BHOOL KE
0,selfnote aaj khush toh bahut hogey tum ?? facepalm
0,ye sab looti riyasat k loote sultan hai jo abhi bhi ye nhi samajh rahe ki politics bht badal chuki hai . ab purane tarike nhi chalenge
0,Saare gurus jail pahuch rahe dera dall k intzaar mae ab chelo tyaar ho jao guruo k pass pahuchne k liye saare maharajo politics karte 7 lejao
0,"Jab se Modi , GST aur Israel ka news charaha India me triple talaq , JNU , Babri sab mudhe khatam hogaye ."
0,Khud ko waha pr sabit karo apne kabhi ye samjha hi ni ki starting se hi tum sb politics ki katputli bn gaye ho .
0,Kami bhai aap achay admi ho - doa hay aap kamiyab rahain hamesha - domestic cricket main
1,Jatiwad bharat chhoro ; But votebank k liye Reservation s muh na modo Mann Ki Baat indianirony
0,Mera naam hi kaafi hai ... logon ke pasine chhudane ke liye Rowdyism Akshay Kumar Bollywood
1,=> Log toot jaate hain ek ghar banaaney mein ! tum taras nahi khaatey bastiyaan jalaaney mein !!
1,o achha bai ghamnd hai usko di hai!!!!
0,Sanskaari - Song .... Use Head Phones Bollywood Songs Bollywood Hindi Diwas Apple Event bhabhiji Gharperhaipic . twitter . com / PULM 9 j 4 yc D
0,Ye khauf mujhe acha laga ! Rohit Sharma Mike Hussey Australia Cricket India Indv Auspic . twitter . com / r ORX 5 y R 3 d S
0,bhai please tu cricket khelna chod de please haath jodte hai tere aage . Whaiyat player hai tu sahi me
1,"aaj dhoni ko ka god, a magic old man k bolnewale a kabhi usiko aa gaali na de rahe go the.. and roflol!"
0,Tere jaise dalal to is hope me rahte honge ki kab jyada se jyada log mare Taki tu turant apna khusi jahar kar sake politics khelke
0,Desh tum logo ki jaagir hai kya ? bechain to tum log ho ki woh teeno raaz kr rahe hai bollywood pe .
0,Triple Talaq PM ji adha adhura bolte he aur unke ye nahi maloom ki desh ki media zahil he .. unhone triple talaq ka galat istemal ke bat kahi
1,jo ke log ke theek se throw a nahin ho kar pa paate mere wahi log ma chappal / ik joota rang fenkne ki saahas rakhte honge. for india corruption
0,bas baat ye h Ki sabhi KO apni politics chamkani hai .. isliye aaj musalmano KO target kiya ja raha h
0,Tripletalaq se muslm mahilaon ko azadi mil gayi Hindu mahilaon ko in dhogi BABA se kab azadi milegi jara batao to
0,Sunne me aaya h ki Modi humare paale Terrorist ko chun chun ke maar raha h Aisa hi chalta raha to hum politics kaise karenge . twitter . com / W Dt T 6 bg Rc Z
0,hum muslimon main bhi triple talaq lagu nahi rahne denge Mulle Atanki koi Islamic State ka rule nahi hai India main ISIS Supporter
0,"Nitish kumar ne lalu family ko bihar ki politics se 15 ya 20 saal ke liye bahar kiya tha , ab phir se yahi hone wala hai ."
1,"Abhi na jaao chhodkar , ki dil abhi bhara nahi ... Relatives Suck"
1,"Ek Baar Motakshi Ko Aunty Bola To Usne Muze Block Kiya .. ab Ye Khud aise Wahiyat , Ghatiya Show me hass rhi thi '' AIB National Shame ''"
1,tu teri mat tareef tu mai bhe je kuch hai chupa si reheta du hai.... ; |
0,desh ki safai andar se shuru hoti hai . pehle khud ki safai karo politics Haryana Govt BJP Guru Ram Rahim votebankpolitics
0,Cricket News Azeem Maqsad K Liye Us Se Barrh Kar Kuch Nahi Ho Sakta . Shahid Afridi Muj Ta Ba
0,"Kam se kam is Waqt politics chor do . Tum logo ka bhagwan se bhi dar nahi hai kya ? Bacche mare hai logo ke , aur tum ko apni siyasat chamkani"
0,Hindu muslim se upar utho . H & M sirf politics ka khel hai for vote . Baaki har kisi ko bas 2 waqt ki roti and sakoon chaiye life mein
1,Ab kaun aajkal aise twitter mein bhi darshan dete hain ?! ki tarah ! Hum dhanya hue !
0,"TUTI Patriots 110/3 (15.0), Karthik 13(14), SP Nathan 11(7), Last Wkt Abhinav Mukund c Sathish b Arun Kumar 41(38) T Pv CSG Cricket"
0,"Abe , kuch toh akal lagaya karo . Instant Triple Talaq kabhi Islam mein hi legal nahin Tha , court ne Kya Naya bol Diya joh itna ucchal rahe ho"
0,Ha ha ha . Triple Talaq PE apani bivi KO pareshan karane vale secular gyan de rahe hai . Congress is gangotri of scam . Dr Kafil Hero ?
0,Jaya Bachchan visits Rajesh Yadav ' s Ganesh Pandal cinemaghar realcinemaghar bollywood
0,sheesh
0,Tareekh Ma Likha Jaye Ga Pakistan Ma Cricket Ki Bahali K Lye Sammy Ne Rikshy Ko Dakka B Lagaya PA Kv WXI
0,For eg triple talaq ki baat huyi toh koi celeb aage nahi aaya . Particularly the Khans .
0,Dheke hi bola re bache .. Sabko patha triple talaq ke baare mein . khud ke behen se shaadi karthe ho . tumare shahid afridi bi waisa hi kiya shadi
0,"Dhoni kohli sachin ko chodh , Yuvraj or harbhajan k pas itna pesa h k vo tumhara pura cricket board khreed le chutki baja kr"
1,Flop graphy Ki baat Goti fan ke muh se ??
1,"sharab bechne as wale cha ko kahin ke nahi che jaana padta, lekin ma dudh se bechne wale che ko gali kay gali ke jaana wo padta hai!!"
1,chandrasekhar prakash azad sai k janmdiwas ek shanti se gujar jane ho par ma 1 de insaan itna man dukhi hai.. jo khud hum hi apni choti ke soch ka mere gulam hai.
0,"Bhai , Mubarak ho achhe din .. International cricket ki vapasi ho rhi hai .."
0,Darbhanga ke mp ek true sportsman hai jo har paristhitiy on me accha khelte hai . politics kam aur kaam jyada karne me vishwash rakhte hai .
0,Bhai one sitting mai triple talaq jayaz hai kya ... ye bata do
1,Bhai Yeh Kaisa freedom of speech hai jaha har Baat jo acha nahin lagne pe Pakistan Jaane ki baat karte ho .
1,film balika bai vadhu na dhang na se dil balika hai dil aur prem na vadhu
0,Jo cricket ki baat Kare vo hi best news channel hai .. Aur wo hai and Kung Fu Pandya ki batting dekhkar Maza aa gya
1,"an aao yaar, namaz a parh a aein. "" da nhe yaar go tu la parh aa, che meray me liye dua to kar tha dein ""."
0,Maine poocha Ghazwa e hind kya hai ?? Apke triple talaq aur halala se mera koi matlab nahi Apke ghar ki auratein hai chahe jo karo
1,my judges ke remarks dekh ke ga aisa pe lag raha hai ke ta judges ab te chaska lene lagi hai its becoming was a daily joke. again panama filed case and disqualify iqama sharif
0,Tu sale TRIPLE TALAQ nd HALALA Ke baad ki santan hai ka be jo tune aisa kaha . mandir to banega hi . pakka Chara chor ke relative hoge
0,"when someone question triple talaq , ye shariyat ka niyam hai . gau mata hamari astha ka hi vishay hai ."
1,"Jahan Mall nahin chalte , wahan theke chalte hain .. delhiketheke"
0,Kuch dega batne par kya tab batungaa
1,but chetan is bhagat also makes me laugh
0,"Bollywood me ab Khan Sultanat ki khatma aa gaya , Salman ke bad ab Shah Rukh ki flop hone ki Bari . Achche actress ko film me lena tha na ."
0,Shok santapt pariwar ko kuchh muawaja mila kya . sattarudh party ya vipakshh ne kuchh diya kya . ya kewal lash pe politics hi hoga
0,Rahul ji aap log yeh kisi k bhi marne per politics mat kariye please marta hai jiska usko pata chalta hai aap to apni roti sekne jate hai
1,"and garib aa aajkal ga dal roti bhi ek nahi ek kha si sakta, haan mobile phone co zaroor mein rakh si sakta mein hai"
0,ye sirf vote bank hai or kuch v nhi bjp dharm wali politics kr rahe hai
0,Sir ye log ab gandi politics pr utar aaye h .. Itni haar dekhkar kisika ka bhi dimag kaam karna band krde ..
0,Indian Cricket ki team bhi fatafat aa rahi hai for Ram Rahim Verdict 60 Million Stand With MSG Dera Sacha Sauda Indvs S Lpic . twitter . com /3 LYB 4 Lzwb 8
0,ek Manoj Tiwari cricket khelta hai doosre ke saath 2 dinon se Dilli waale
1,du saare bharat se wirodhi do naare congress man wale tak hi mere kyo ki lagaate ko hai...!!!
0,"SC se na ho payega aur haan agar ye cricket , jallikuttu , sarkar ko criticise karna ho aur matke ki height ki ho tab bahut active ho jata hai"
1,sir char ki tango wali kursi par se pa chupak kar wo ha baithate hain jo khud ke apni do do taango na pe khade hokar mo kuch kar de nahi tu sakte
0,"Aur badsoorat Insaan tujhe Kaafi maza Aya Na bey , Triple Talaq ban Ho gya to tu aur Kal K badsoorat Ho gya hai be"
0,Cric Ke T _ Ne Ws 6 Saa L Tea M Ki Qe Ya Da T Ka R Na Me Re Li Ye Izaz He . Ab Ki Se Aur Ko Aa Ge Aana Cha Hi Ye . Sabiq Captain ABD Villier Rept Asim Jawad
